,t,T,s,i,f,L,o,c,h,l,v,n,x,q,V,Q,B,ma
0,1641977100000,1641977399999,ETHUSDT,5m,728690676,728692393,3228.36000000,3234.54,3235.99000000,3227.44000000,639.70360000,1718,True,2067598.21381100,374.62780000,1210852.24845500,0,
1,1641977400000,1641977699999,ETHUSDT,5m,728692394,728694128,3234.53000000,3236.7,3240.39000000,3234.53000000,645.89910000,1735,True,2090823.34796500,298.95290000,967924.93522800,0,
2,1641977700000,1641977999999,ETHUSDT,5m,728694129,728695526,3236.70000000,3232.0,3237.18000000,3229.13000000,502.72740000,1398,True,1625210.84445100,232.37810000,751235.49390100,0,
3,1641978000000,1641978299999,ETHUSDT,5m,728695527,728698064,3231.99000000,3247.99,3248.41000000,3228.85000000,867.12160000,2538,True,2808590.38025700,470.38970000,1523197.80515500,0,
4,1641978300000,1641978599999,ETHUSDT,5m,728698065,728701108,3247.99000000,3246.61,3249.00000000,3245.31000000,1585.80790000,3044,True,5149482.34455700,1148.16150000,3728385.61281400,0,
5,1641978600000,1641978899999,ETHUSDT,5m,728701109,728703508,3246.61000000,3242.52,3249.97000000,3240.28000000,1023.90840000,2400,True,3323183.27992600,594.52930000,1929583.56236400,0,
6,1641978900000,1641979199999,ETHUSDT,5m,728703509,728705347,3242.52000000,3249.5,3249.51000000,3240.63000000,887.04680000,1839,True,2878943.72748000,435.83100000,1414307.03440300,0,
7,1641979200000,1641979499999,ETHUSDT,5m,728705348,728708848,3249.50000000,3256.52,3258.17000000,3249.39000000,1909.67530000,3501,True,6217084.93705700,1017.78470000,3313187.54484300,0,
8,1641979500000,1641979799999,ETHUSDT,5m,728708849,728717715,3256.53000000,3266.66,3275.40000000,3256.42000000,3660.63910000,8867,True,11960216.65397400,2041.98710000,6670805.03982500,0,
9,1641979800000,1641980099999,ETHUSDT,5m,728717716,728720569,3266.66000000,3257.58,3267.86000000,3256.96000000,1538.03970000,2854,True,5018776.25256300,621.91140000,2029579.98590100,0,
10,1641980100000,1641980399999,ETHUSDT,5m,728720570,728723413,3257.56000000,3249.27,3261.58000000,3249.07000000,1415.57920000,2844,True,4607997.11757900,628.60830000,2046301.94711900,0,
11,1641980400000,1641980699999,ETHUSDT,5m,728723414,728725569,3249.27000000,3247.0,3252.58000000,3246.17000000,1111.83140000,2156,True,3612950.89774800,626.53910000,2036072.93491400,0,
12,1641980700000,1641980999999,ETHUSDT,5m,728725570,728727657,3247.00000000,3249.49,3249.50000000,3243.16000000,846.02510000,2088,True,2746258.05251100,433.01440000,1405565.14207400,0,
13,1641981000000,1641981299999,ETHUSDT,5m,728727658,728729725,3249.54000000,3250.83,3255.09000000,3246.26000000,855.53500000,2068,True,2780496.25826300,528.89570000,1718946.62601400,0,
14,1641981300000,1641981599999,ETHUSDT,5m,728729726,728732161,3250.83000000,3261.6,3262.82000000,3249.31000000,1203.24400000,2436,True,3918366.19124200,744.47880000,2424391.46581300,0,
15,1641981600000,1641981899999,ETHUSDT,5m,728732162,728734450,3261.60000000,3254.19,3261.92000000,3254.18000000,732.10260000,2289,True,2385275.13294800,383.96890000,1250942.80642300,0,
16,1641981900000,1641982199999,ETHUSDT,5m,728734451,728737382,3254.18000000,3268.01,3270.38000000,3253.87000000,1521.09550000,2932,True,4964797.67424200,918.79710000,2999174.69526700,0,
17,1641982200000,1641982499999,ETHUSDT,5m,728737383,728739944,3268.00000000,3266.5,3269.60000000,3261.15000000,1376.85300000,2562,True,4494118.81277400,678.74070000,2215574.37061700,0,
18,1641982500000,1641982799999,ETHUSDT,5m,728739945,728741725,3266.50000000,3257.27,3266.83000000,3257.14000000,969.53030000,1781,True,3162233.44291300,514.58560000,1678505.54576600,0,
19,1641982800000,1641983099999,ETHUSDT,5m,728741726,728743279,3257.28000000,3261.8,3262.80000000,3255.10000000,677.20390000,1554,True,2206573.51814300,413.05860000,1345867.69841700,0,
20,1641983100000,1641983399999,ETHUSDT,5m,728743280,728744719,3261.80000000,3259.99,3264.34000000,3259.17000000,556.05830000,1440,True,1813339.90391000,316.59690000,1032412.66353200,0,
21,1641983400000,1641983699999,ETHUSDT,5m,728744720,728746867,3259.99000000,3250.95,3262.18000000,3249.99000000,1171.09000000,2148,True,3810912.55346100,391.90380000,1275342.79310100,0,
22,1641983700000,1641983999999,ETHUSDT,5m,728746868,728748532,3250.94000000,3252.0,3253.30000000,3248.57000000,766.08040000,1665,True,2490189.53016200,398.93950000,1296817.25281500,0,
23,1641984000000,1641984299999,ETHUSDT,5m,728748533,728750478,3251.99000000,3248.41,3252.14000000,3245.00000000,1650.43300000,1946,True,5359725.26972700,1281.20310000,4160633.07339100,0,
24,1641984300000,1641984599999,ETHUSDT,5m,728750479,728752111,3248.40000000,3258.0,3258.00000000,3246.08000000,1295.52590000,1633,True,4215202.32415200,526.43680000,1712698.50369100,0,
25,1641984600000,1641984899999,ETHUSDT,5m,728752112,728753970,3258.07000000,3252.37,3258.21000000,3250.99000000,898.52870000,1859,True,2923988.94156900,463.88710000,1509536.49048900,0,
26,1641984900000,1641985199999,ETHUSDT,5m,728753971,728755350,3252.60000000,3248.14,3254.77000000,3248.01000000,530.63220000,1380,True,1725462.66457500,309.58440000,1006624.80391000,0,
27,1641985200000,1641985499999,ETHUSDT,5m,728755351,728757326,3248.14000000,3250.16,3253.18000000,3245.24000000,691.25910000,1976,True,2245789.65036800,362.45200000,1177529.22120800,0,
28,1641985500000,1641985799999,ETHUSDT,5m,728757327,728758625,3250.15000000,3252.86,3253.87000000,3248.55000000,346.87210000,1299,True,1128116.42736800,203.20350000,660895.93588200,0,
29,1641985800000,1641986099999,ETHUSDT,5m,728758626,728759939,3252.87000000,3250.85,3252.91000000,3245.06000000,587.12460000,1314,True,1906981.84084400,331.54640000,1076685.19793100,0,
30,1641986100000,1641986399999,ETHUSDT,5m,728759940,728761746,3250.84000000,3253.46,3258.32000000,3248.78000000,795.75240000,1807,True,2589913.01361500,470.33480000,1530705.50715400,0,
31,1641986400000,1641986699999,ETHUSDT,5m,728761747,728763378,3253.46000000,3256.37,3256.48000000,3249.01000000,647.10400000,1632,True,2104811.12972500,275.27390000,895364.96535400,0,
32,1641986700000,1641986999999,ETHUSDT,5m,728763379,728764758,3256.18000000,3250.95,3256.49000000,3249.66000000,530.45600000,1380,True,1724914.85073200,286.56340000,931862.38164800,0,
33,1641987000000,1641987299999,ETHUSDT,5m,728764759,728766756,3250.96000000,3251.6,3252.65000000,3247.08000000,1823.36690000,1998,True,5925618.30194800,663.14390000,2154847.25328100,0,
34,1641987300000,1641987599999,ETHUSDT,5m,728766757,728770632,3251.61000000,3271.62,3275.00000000,3240.15000000,2263.38890000,3876,True,7361435.47742500,1462.58360000,4758529.07218200,0,
35,1641987600000,1641987899999,ETHUSDT,5m,728770633,728787669,3275.00000000,3274.43,3295.96000000,3266.80000000,11913.45190000,17037,True,39111841.25930100,6999.80420000,22981537.47499600,0,
36,1641987900000,1641988199999,ETHUSDT,5m,728787670,728792443,3274.81000000,3280.97,3286.87000000,3271.27000000,3275.03460000,4774,True,10740743.90614700,1671.65270000,5482009.50938600,0,
37,1641988200000,1641988499999,ETHUSDT,5m,728792444,728795951,3280.74000000,3278.1,3281.44000000,3267.79000000,1890.36130000,3508,True,6187832.64519100,767.42830000,2512125.51072900,0,
38,1641988500000,1641988799999,ETHUSDT,5m,728795952,728798862,3278.11000000,3272.51,3282.27000000,3270.00000000,2135.45670000,2911,True,6987607.55866400,658.65570000,2156057.77180900,0,
39,1641988800000,1641989099999,ETHUSDT,5m,728798863,728802820,3272.50000000,3282.27,3283.03000000,3268.25000000,2634.23530000,3958,True,8623582.30523300,1132.64520000,3709980.00394200,0,
40,1641989100000,1641989399999,ETHUSDT,5m,728802821,728806027,3282.27000000,3278.66,3286.78000000,3278.32000000,1473.69540000,3207,True,4838502.07645500,701.03980000,2301560.20017500,0,
41,1641989400000,1641989699999,ETHUSDT,5m,728806028,728808638,3278.68000000,3278.73,3285.18000000,3277.99000000,1586.88990000,2611,True,5206494.33104900,912.89290000,2994671.67600500,0,
42,1641989700000,1641989999999,ETHUSDT,5m,728808639,728816002,3278.74000000,3290.87,3300.00000000,3277.64000000,5790.43750000,7364,True,19049482.87547100,3992.61670000,13138118.86211500,0,
43,1641990000000,1641990299999,ETHUSDT,5m,728816003,728824030,3290.88000000,3302.04,3303.33000000,3290.01000000,4840.96040000,8028,True,15960893.22849800,2995.85480000,9878726.21169100,0,
44,1641990300000,1641990599999,ETHUSDT,5m,728824031,728834695,3302.05000000,3295.31,3318.60000000,3290.00000000,5322.05980000,10665,True,17572327.59945900,3088.94660000,10202314.92516600,0,
45,1641990600000,1641990899999,ETHUSDT,5m,728834696,728840397,3295.70000000,3314.35,3320.00000000,3293.56000000,2895.87170000,5702,True,9571250.60211400,1605.14560000,5306320.03269500,0,
46,1641990900000,1641991199999,ETHUSDT,5m,728840398,728851255,3314.34000000,3313.73,3332.01000000,3310.11000000,6037.45090000,10858,True,20054276.67144000,3563.86940000,11838751.49524100,0,
47,1641991200000,1641991499999,ETHUSDT,5m,728851256,728855375,3313.72000000,3301.17,3313.90000000,3300.00000000,2295.78200000,4120,True,7595130.39677800,1039.71930000,3439795.45333800,0,
48,1641991500000,1641991799999,ETHUSDT,5m,728855376,728858599,3301.17000000,3298.61,3305.61000000,3295.50000000,1564.66090000,3224,True,5164346.01959900,781.48040000,2579697.24726300,0,
49,1641991800000,1641992099999,ETHUSDT,5m,728858600,728862134,3298.61000000,3304.65,3306.15000000,3295.88000000,2117.24230000,3535,True,6987536.47992100,1179.45340000,3892041.17243300,0,3264.2142
50,1641992100000,1641992399999,ETHUSDT,5m,728862135,728865634,3304.65000000,3316.6,3317.47000000,3304.41000000,1295.82060000,3500,True,4292170.98811600,708.30310000,2345959.70125100,0,3265.8554
51,1641992400000,1641992699999,ETHUSDT,5m,728865635,728869624,3316.59000000,3317.89,3320.00000000,3312.62000000,1998.31510000,3990,True,6627626.25787300,807.70830000,2679133.20022200,0,3267.4792
52,1641992700000,1641992999999,ETHUSDT,5m,728869625,728873040,3317.89000000,3309.24,3318.56000000,3308.19000000,1576.65370000,3416,True,5223794.33498400,893.71320000,2961318.11710400,0,3269.0240000000003
53,1641993000000,1641993299999,ETHUSDT,5m,728873041,728875918,3309.24000000,3305.57,3313.20000000,3305.17000000,1352.48010000,2878,True,4476358.05576000,734.52570000,2431023.16255400,0,3270.1756
54,1641993300000,1641993599999,ETHUSDT,5m,728875919,728879357,3305.56000000,3304.31,3307.45000000,3300.91000000,2144.01120000,3439,True,7082231.94731700,1087.24050000,3591017.06856700,0,3271.3296
55,1641993600000,1641993899999,ETHUSDT,5m,728879358,728882159,3304.31000000,3306.95,3310.94000000,3302.08000000,1125.61240000,2802,True,3720364.70417900,637.15050000,2105858.58454600,0,3272.6182
56,1641993900000,1641994199999,ETHUSDT,5m,728882160,728886460,3306.95000000,3316.65,3320.00000000,3304.14000000,2011.02900000,4301,True,6665900.52517700,1071.50180000,3550802.80505400,0,3273.9611999999997
57,1641994200000,1641994499999,ETHUSDT,5m,728886461,728907572,3316.64000000,3334.09,3354.07000000,3312.68000000,11835.96070000,21112,True,39519301.78489600,6650.00150000,22204327.89851600,0,3275.5126
58,1641994500000,1641994799999,ETHUSDT,5m,728907573,728914872,3334.09000000,3345.2,3352.21000000,3334.00000000,5116.00310000,7300,True,17118744.86954600,2626.46010000,8787789.77087200,0,3277.0833999999995
59,1641994800000,1641995099999,ETHUSDT,5m,728914873,728925602,3345.21000000,3364.77,3369.42000000,3345.20000000,5239.20110000,10730,True,17610065.28453600,2555.31340000,8585520.21252600,0,3279.2272000000003
60,1641995100000,1641995399999,ETHUSDT,5m,728925603,728932807,3364.32000000,3364.08,3370.00000000,3357.08000000,3759.19180000,7205,True,12643244.78348400,2237.19550000,7524526.60937300,0,3281.5234
61,1641995400000,1641995699999,ETHUSDT,5m,728932808,728939636,3364.08000000,3375.55,3377.27000000,3358.00000000,3913.03290000,6829,True,13175089.19133800,1753.71570000,5904090.24636100,0,3284.0943999999995
62,1641995700000,1641995999999,ETHUSDT,5m,728939637,728946160,3375.56000000,3370.39,3376.09000000,3364.36000000,4774.44840000,6524,True,16097258.52347000,1517.19400000,5114227.48099700,0,3286.5124
63,1641996000000,1641996299999,ETHUSDT,5m,728946161,728953786,3370.38000000,3352.99,3374.52000000,3349.02000000,6680.45620000,7626,True,22416400.27789100,4240.22710000,14224011.76232300,0,3288.5556
64,1641996300000,1641996599999,ETHUSDT,5m,728953787,728957789,3353.00000000,3359.06,3360.60000000,3351.93000000,2201.71530000,4003,True,7388344.25352500,1143.38440000,3837340.88076400,0,3290.5047999999997
65,1641996600000,1641996899999,ETHUSDT,5m,728957790,728961048,3359.07000000,3355.96,3360.47000000,3352.00000000,2243.44020000,3259,True,7528709.72879500,911.99020000,3060684.92936300,0,3292.5402000000004
66,1641996900000,1641997199999,ETHUSDT,5m,728961049,728964787,3355.96000000,3361.81,3367.05000000,3355.93000000,2619.41250000,3739,True,8805985.64977800,1237.56730000,4160612.30833300,0,3294.4162
67,1641997200000,1641997499999,ETHUSDT,5m,728964788,728968250,3361.80000000,3361.46,3366.35000000,3359.00000000,2005.51160000,3463,True,6742499.44184100,950.77600000,3196475.75906400,0,3296.3154
68,1641997500000,1641997799999,ETHUSDT,5m,728968251,728971497,3361.46000000,3365.08,3366.00000000,3360.00000000,1786.35600000,3247,True,6007111.20791100,835.23680000,2808627.29815300,0,3298.4716
69,1641997800000,1641998099999,ETHUSDT,5m,728971498,728976390,3365.07000000,3370.07,3373.84000000,3363.63000000,3087.84380000,4893,True,10400142.35715900,1663.11230000,5601549.93312500,0,3300.637
70,1641998100000,1641998399999,ETHUSDT,5m,728976391,728980207,3370.07000000,3372.68,3373.99000000,3357.40000000,2343.44410000,3817,True,7885093.85667500,921.33670000,3101110.78862200,0,3302.8907999999997
71,1641998400000,1641998699999,ETHUSDT,5m,728980208,728984244,3372.67000000,3362.83,3377.31000000,3357.68000000,1836.96210000,4037,True,6181432.26376000,792.30330000,2665389.39366200,0,3305.1284
72,1641998700000,1641998999999,ETHUSDT,5m,728984245,728987807,3362.83000000,3367.12,3370.98000000,3362.83000000,2250.78740000,3563,True,7578461.95777200,1079.05020000,3633166.39552300,0,3307.4308
73,1641999000000,1641999299999,ETHUSDT,5m,728987808,728993459,3367.12000000,3376.89,3383.21000000,3366.01000000,3088.90790000,5652,True,10430726.50453100,1635.73770000,5523404.97634700,0,3310.0004
74,1641999300000,1641999599999,ETHUSDT,5m,728993460,728996876,3376.89000000,3375.84,3378.87000000,3372.58000000,1600.58330000,3417,True,5402471.64802600,925.56050000,3124163.40669900,0,3312.3572000000004
75,1641999600000,1641999899999,ETHUSDT,5m,728996877,729000398,3375.87000000,3372.81,3378.63000000,3370.90000000,1692.90750000,3522,True,5714284.21671000,715.20840000,2413902.00608000,0,3314.7660000000005
76,1641999900000,1642000199999,ETHUSDT,5m,729000399,729003499,3372.80000000,3379.0,3379.38000000,3367.34000000,1593.17150000,3101,True,5371244.07760000,737.11020000,2484730.88257900,0,3317.3832
77,1642000200000,1642000499999,ETHUSDT,5m,729003500,729007391,3379.00000000,3383.72,3386.66000000,3378.01000000,1595.66610000,3892,True,5396602.50418700,792.15980000,2678986.24366000,0,3320.0544
78,1642000500000,1642000799999,ETHUSDT,5m,729007392,729011293,3383.71000000,3379.6,3388.02000000,3379.05000000,1925.75740000,3902,True,6518314.71470700,739.14560000,2501308.16423700,0,3322.5892
79,1642000800000,1642001099999,ETHUSDT,5m,729011294,729015112,3379.60000000,3374.94,3383.15000000,3373.60000000,1429.29170000,3819,True,4828127.93558000,679.26200000,2294796.58769400,0,3325.071
80,1642001100000,1642001399999,ETHUSDT,5m,729015113,729017657,3374.94000000,3375.98,3377.70000000,3371.29000000,1454.69760000,2545,True,4909078.13858100,970.34940000,3274541.31064800,0,3327.5214
81,1642001400000,1642001699999,ETHUSDT,5m,729017658,729022487,3375.98000000,3363.41,3378.53000000,3359.05000000,2640.66490000,4830,True,8884051.04987400,1333.92590000,4487107.87941500,0,3329.6622
82,1642001700000,1642001999999,ETHUSDT,5m,729022488,729026793,3363.41000000,3355.14,3365.87000000,3354.20000000,2257.01420000,4306,True,7584093.37909600,1244.84080000,4183506.35143500,0,3331.7459999999996
83,1642002000000,1642002299999,ETHUSDT,5m,729026794,729031175,3355.14000000,3358.78,3361.96000000,3350.99000000,2279.73830000,4382,True,7650344.60060700,1170.49910000,3928424.61464900,0,3333.8895999999995
84,1642002300000,1642002599999,ETHUSDT,5m,729031176,729034364,3358.77000000,3360.22,3364.93000000,3358.60000000,1229.63020000,3189,True,4133428.72800200,650.07540000,2185177.93392400,0,3335.6616
85,1642002600000,1642002899999,ETHUSDT,5m,729034365,729037394,3360.22000000,3361.04,3364.76000000,3356.87000000,1132.17880000,3030,True,3805194.26178200,559.58150000,1880590.54095900,0,3337.3938
86,1642002900000,1642003199999,ETHUSDT,5m,729037395,729040353,3361.04000000,3361.76,3364.89000000,3354.09000000,1050.83290000,2959,True,3530215.37243200,554.65560000,1863466.86245500,0,3339.0096000000003
87,1642003200000,1642003499999,ETHUSDT,5m,729040354,729044025,3361.75000000,3364.01,3372.63000000,3361.75000000,1651.77160000,3672,True,5562582.41732900,1009.80540000,3400921.25751500,0,3340.7277999999997
88,1642003500000,1642003799999,ETHUSDT,5m,729044026,729048503,3364.00000000,3353.16,3367.89000000,3349.18000000,2967.95750000,4478,True,9954010.52834500,1363.69120000,4573674.23682800,0,3342.3407999999995
89,1642003800000,1642004099999,ETHUSDT,5m,729048504,729051238,3353.17000000,3351.15,3358.73000000,3350.65000000,1138.96120000,2735,True,3820361.87517300,454.23970000,1523664.41263400,0,3343.7184
90,1642004100000,1642004399999,ETHUSDT,5m,729051239,729057798,3351.16000000,3347.02,3354.79000000,3336.34000000,3880.25930000,6560,True,12978101.61144500,1932.60050000,6462617.22086700,0,3345.0856
91,1642004400000,1642004699999,ETHUSDT,5m,729057799,729060664,3347.01000000,3354.7,3355.70000000,3345.72000000,1297.60560000,2866,True,4348621.19056200,626.20420000,2098706.13373100,0,3346.605
92,1642004700000,1642004999999,ETHUSDT,5m,729060665,729063191,3354.70000000,3357.78,3363.78000000,3354.08000000,1092.20700000,2527,True,3669771.49722300,591.40360000,1987383.14838900,0,3347.9432
93,1642005000000,1642005299999,ETHUSDT,5m,729063192,729066733,3357.77000000,3361.33,3375.59000000,3356.35000000,1938.41470000,3542,True,6524277.47273400,1208.53960000,4068440.46862400,0,3349.1290000000004
94,1642005300000,1642005599999,ETHUSDT,5m,729066734,729068984,3361.41000000,3365.51,3370.00000000,3360.32000000,1732.12420000,2251,True,5833022.42496800,861.22770000,2899465.81969300,0,3350.533
95,1642005600000,1642005899999,ETHUSDT,5m,729068985,729071312,3365.50000000,3364.59,3370.11000000,3362.59000000,1184.35630000,2328,True,3987400.79633500,602.65870000,2029046.38190900,0,3351.5378
96,1642005900000,1642006199999,ETHUSDT,5m,729071313,729073504,3364.31000000,3366.99,3370.85000000,3361.16000000,944.44090000,2192,True,3180911.84254800,465.21990000,1566964.49521100,0,3352.603
97,1642006200000,1642006499999,ETHUSDT,5m,729073505,729075619,3366.99000000,3371.11,3372.46000000,3365.00000000,1014.11180000,2115,True,3417100.24709800,398.62800000,1343080.56010200,0,3354.0018
98,1642006500000,1642006799999,ETHUSDT,5m,729075620,729077298,3371.12000000,3370.08,3372.46000000,3367.15000000,608.46490000,1679,True,2050663.15343300,323.60070000,1090567.07075700,0,3355.4312
99,1642006800000,1642007099999,ETHUSDT,5m,729077299,729079202,3370.08000000,3367.99,3371.01000000,3365.55000000,591.83940000,1904,True,1993196.01324800,282.40810000,951054.72489000,0,3356.698
100,1642007100000,1642007399999,ETHUSDT,5m,729079203,729081514,3368.00000000,3362.58,3368.80000000,3359.50000000,1582.78360000,2312,True,5321084.79954800,1117.94780000,3758148.72677600,0,3357.6176
101,1642007400000,1642007699999,ETHUSDT,5m,729081515,729083184,3362.58000000,3364.57,3366.50000000,3359.34000000,549.30140000,1670,True,1847399.75949900,301.22600000,1013011.26603200,0,3358.5512
102,1642007700000,1642007999999,ETHUSDT,5m,729083185,729085256,3364.56000000,3376.1,3377.26000000,3364.56000000,669.92250000,2072,True,2257954.67157000,396.19230000,1335411.15841500,0,3359.8884
103,1642008000000,1642008299999,ETHUSDT,5m,729085257,729087402,3376.10000000,3373.96,3378.53000000,3372.75000000,1039.81020000,2146,True,3509966.94711900,548.01180000,1849959.49240400,0,3361.2562
104,1642008300000,1642008599999,ETHUSDT,5m,729087403,729089552,3373.96000000,3375.63,3378.43000000,3373.40000000,1216.71820000,2150,True,4106953.56576600,720.72000000,2432683.19065200,0,3362.6825999999996
105,1642008600000,1642008899999,ETHUSDT,5m,729089553,729091829,3375.63000000,3379.53,3381.13000000,3375.07000000,1069.46570000,2277,True,3613307.00610000,682.64970000,2306266.86758800,0,3364.1342000000004
106,1642008900000,1642009199999,ETHUSDT,5m,729091830,729095049,3379.53000000,3372.48,3388.01000000,3371.44000000,2127.47740000,3220,True,7193582.16998600,858.84860000,2903818.29957500,0,3365.2508000000003
107,1642009200000,1642009499999,ETHUSDT,5m,729095050,729097132,3372.48000000,3372.81,3377.55000000,3369.60000000,1611.83210000,2083,True,5435685.76133400,953.18310000,3213671.13146900,0,3366.0251999999996
108,1642009500000,1642009799999,ETHUSDT,5m,729097133,729098938,3372.82000000,3376.69,3378.52000000,3372.68000000,634.59040000,1806,True,2142202.97465500,392.51080000,1324965.82299000,0,3366.655
109,1642009800000,1642010099999,ETHUSDT,5m,729098939,729100810,3376.68000000,3379.01,3384.88000000,3376.24000000,792.69960000,1872,True,2681149.58740300,481.22880000,1627749.50525300,0,3366.9397999999997
110,1642010100000,1642010399999,ETHUSDT,5m,729100811,729102460,3379.14000000,3381.44,3384.40000000,3377.56000000,699.45650000,1650,True,2365523.62401400,363.68960000,1229978.71292400,0,3367.2870000000003
111,1642010400000,1642010699999,ETHUSDT,5m,729102461,729104826,3381.44000000,3375.79,3384.37000000,3374.17000000,666.51680000,2366,True,2251668.01373600,367.64300000,1242085.34799700,0,3367.2918000000004
112,1642010700000,1642010999999,ETHUSDT,5m,729104827,729106594,3375.79000000,3375.99,3380.65000000,3375.67000000,490.15230000,1768,True,1655701.12568900,280.28530000,946771.39616900,0,3367.4038
113,1642011000000,1642011299999,ETHUSDT,5m,729106595,729108376,3375.99000000,3371.97,3376.72000000,3370.00000000,597.89830000,1782,True,2016553.32354800,258.32300000,871156.88660100,0,3367.7834000000003
114,1642011300000,1642011599999,ETHUSDT,5m,729108377,729110093,3371.97000000,3372.11,3373.51000000,3368.45000000,502.41730000,1717,True,1693648.03297900,192.81330000,649942.55975000,0,3368.0444
115,1642011600000,1642011899999,ETHUSDT,5m,729110094,729112743,3372.16000000,3379.78,3379.80000000,3365.10000000,1161.76670000,2650,True,3916661.66096400,518.75380000,1748896.65742700,0,3368.5208
116,1642011900000,1642012199999,ETHUSDT,5m,729112744,729116719,3379.79000000,3388.29,3392.76000000,3379.78000000,1606.87420000,3976,True,5444311.66757800,1019.13290000,3452564.50697900,0,3369.0503999999996
117,1642012200000,1642012499999,ETHUSDT,5m,729116720,729119313,3388.28000000,3383.1,3392.94000000,3382.08000000,1157.74250000,2594,True,3921727.78498900,438.04560000,1483971.35059700,0,3369.4832
118,1642012500000,1642012799999,ETHUSDT,5m,729119314,729121302,3383.11000000,3376.16,3383.13000000,3375.03000000,1895.55870000,1989,True,6403859.82162300,1147.51770000,3875937.78083300,0,3369.7048000000004
119,1642012800000,1642013099999,ETHUSDT,5m,729121303,729123020,3376.16000000,3372.01,3377.29000000,3371.20000000,638.35950000,1718,True,2153796.38322100,273.00300000,921203.09264100,0,3369.7436
120,1642013100000,1642013399999,ETHUSDT,5m,729123021,729124952,3372.00000000,3371.12,3373.44000000,3368.54000000,993.69130000,1932,True,3350209.85976100,617.11980000,2080751.71650200,0,3369.7124000000003
121,1642013400000,1642013699999,ETHUSDT,5m,729124953,729126974,3371.12000000,3369.85,3373.02000000,3366.65000000,839.95860000,2022,True,2830524.57566300,412.84980000,1391256.72853200,0,3369.8527999999997
122,1642013700000,1642013999999,ETHUSDT,5m,729126975,729128768,3369.85000000,3372.25,3374.48000000,3367.77000000,788.69960000,1794,True,2659215.47367400,494.85130000,1668546.93892500,0,3369.9554
123,1642014000000,1642014299999,ETHUSDT,5m,729128769,729130972,3372.25000000,3366.51,3374.52000000,3365.02000000,828.80940000,2204,True,2792157.55225100,432.56820000,1457276.11052800,0,3369.7478
124,1642014300000,1642014599999,ETHUSDT,5m,729130973,729132692,3366.52000000,3364.0,3369.35000000,3364.00000000,545.93330000,1720,True,1837672.54488100,213.96770000,720234.79486700,0,3369.511
125,1642014600000,1642014899999,ETHUSDT,5m,729132693,729134808,3364.01000000,3367.81,3368.27000000,3362.02000000,1031.04080000,2116,True,3470016.24437400,546.63270000,1839841.04097400,0,3369.4109999999996
126,1642014900000,1642015199999,ETHUSDT,5m,729134809,729136470,3367.81000000,3367.12,3374.13000000,3365.93000000,569.48520000,1662,True,1919369.41196500,312.33180000,1052650.45651700,0,3369.1733999999997
127,1642015200000,1642015499999,ETHUSDT,5m,729136471,729138086,3367.12000000,3371.42,3375.00000000,3366.32000000,631.32720000,1616,True,2128921.64314500,349.36260000,1178035.09134100,0,3368.9274
128,1642015500000,1642015799999,ETHUSDT,5m,729138087,729139787,3371.42000000,3379.37,3380.00000000,3370.00000000,640.91110000,1701,True,2163517.70147400,355.08610000,1198544.18613500,0,3368.9228000000003
129,1642015800000,1642016099999,ETHUSDT,5m,729139788,729141301,3379.38000000,3374.83,3379.38000000,3371.00000000,523.14520000,1514,True,1765747.47292600,208.88170000,705050.43333700,0,3368.9206
130,1642016100000,1642016399999,ETHUSDT,5m,729141302,729142643,3374.82000000,3378.84,3379.06000000,3374.82000000,354.42130000,1342,True,1196905.96273200,228.22150000,770739.52625500,0,3368.9778
131,1642016400000,1642016699999,ETHUSDT,5m,729142644,729144047,3378.84000000,3371.78,3379.06000000,3371.26000000,386.82900000,1404,True,1305612.51312000,237.92250000,803048.68398500,0,3369.1452000000004
132,1642016700000,1642016999999,ETHUSDT,5m,729144048,729145463,3371.79000000,3373.63,3377.61000000,3371.47000000,522.94850000,1416,True,1764622.87968100,318.56690000,1074975.09697700,0,3369.515
133,1642017000000,1642017299999,ETHUSDT,5m,729145464,729147259,3374.03000000,3380.71,3383.96000000,3372.50000000,815.64250000,1796,True,2756302.12723700,494.06000000,1669447.75686500,0,3369.9536000000003
134,1642017300000,1642017599999,ETHUSDT,5m,729147260,729148838,3380.71000000,3382.02,3383.99000000,3378.61000000,519.81500000,1579,True,1757795.83745700,342.88560000,1159479.14308300,0,3370.3896000000004
135,1642017600000,1642017899999,ETHUSDT,5m,729148839,729151115,3382.01000000,3381.01,3383.99000000,3373.26000000,841.51460000,2277,True,2843551.51992300,342.40770000,1157336.85985400,0,3370.789
136,1642017900000,1642018199999,ETHUSDT,5m,729151116,729152473,3381.01000000,3376.17,3381.84000000,3375.61000000,310.50790000,1358,True,1049207.22695800,157.35650000,531726.19918400,0,3371.0771999999997
137,1642018200000,1642018499999,ETHUSDT,5m,729152474,729154069,3376.16000000,3379.2,3381.90000000,3375.99000000,658.14640000,1596,True,2224251.79313700,314.95620000,1064233.57314000,0,3371.3810000000003
138,1642018500000,1642018799999,ETHUSDT,5m,729154070,729155670,3379.58000000,3380.1,3382.89000000,3377.57000000,483.98060000,1601,True,1636174.36689600,249.08040000,842082.14306900,0,3371.9198000000006
139,1642018800000,1642019099999,ETHUSDT,5m,729155671,729157201,3380.10000000,3376.27,3381.39000000,3375.99000000,493.31020000,1531,True,1666732.30715900,240.72030000,813283.36750500,0,3372.4221999999995
140,1642019100000,1642019399999,ETHUSDT,5m,729157202,729158745,3376.28000000,3372.99,3376.95000000,3371.47000000,420.38040000,1544,True,1418241.86948200,232.45940000,784252.75217100,0,3372.9415999999997
141,1642019400000,1642019699999,ETHUSDT,5m,729158746,729160248,3372.99000000,3370.37,3375.14000000,3370.08000000,392.06330000,1503,True,1322372.90102700,226.02960000,762399.96704500,0,3373.255
142,1642019700000,1642019999999,ETHUSDT,5m,729160249,729161807,3370.36000000,3366.92,3373.96000000,3366.00000000,481.62400000,1559,True,1623049.61135400,223.34420000,752792.31285600,0,3373.4377999999997
143,1642020000000,1642020299999,ETHUSDT,5m,729161808,729163309,3366.91000000,3371.69,3372.11000000,3366.37000000,394.13740000,1502,True,1327515.73725000,231.49700000,779705.96963300,0,3373.645
144,1642020300000,1642020599999,ETHUSDT,5m,729163310,729165077,3371.68000000,3378.73,3379.75000000,3370.02000000,663.24750000,1768,True,2238826.41676600,425.03480000,1434845.26213600,0,3373.9094
145,1642020600000,1642020899999,ETHUSDT,5m,729165078,729168615,3378.73000000,3388.51,3393.10000000,3378.72000000,1616.49720000,3538,True,5474919.39214500,967.25510000,3275783.14994400,0,3374.3877999999995
146,1642020900000,1642021199999,ETHUSDT,5m,729168616,729170670,3388.51000000,3381.98,3389.67000000,3378.72000000,821.55830000,2055,True,2779794.63004700,370.60100000,1253850.38793900,0,3374.6876
147,1642021200000,1642021499999,ETHUSDT,5m,729170671,729172047,3381.99000000,3379.92,3384.94000000,3379.52000000,478.13570000,1377,True,1617230.08612000,241.84530000,818026.43427300,0,3374.8638
148,1642021500000,1642021799999,ETHUSDT,5m,729172048,729173415,3379.93000000,3384.39,3384.39000000,3378.21000000,505.58090000,1368,True,1709353.55728900,246.91920000,834843.93007000,0,3375.15
149,1642021800000,1642022099999,ETHUSDT,5m,729173416,729174677,3384.38000000,3387.5,3389.09000000,3383.70000000,379.80180000,1262,True,1286077.71451900,197.79300000,669679.17695000,0,3375.5402000000004
150,1642022100000,1642022399999,ETHUSDT,5m,729174678,729176415,3387.51000000,3393.32,3393.86000000,3387.00000000,834.26170000,1738,True,2828487.23428400,399.98250000,1356324.64131100,0,3376.155
151,1642022400000,1642022699999,ETHUSDT,5m,729176416,729183132,3393.32000000,3406.42,3411.43000000,3389.67000000,3383.79130000,6717,True,11504275.59660200,2403.84540000,8173058.90143500,0,3376.9919999999997
152,1642022700000,1642022999999,ETHUSDT,5m,729183133,729189428,3406.42000000,3394.99,3408.29000000,3393.43000000,1953.91710000,6296,True,6648720.48576800,1134.80370000,3862058.08643700,0,3377.3698000000004
153,1642023000000,1642023299999,ETHUSDT,5m,729189429,729193934,3395.00000000,3378.41,3395.08000000,3374.41000000,2050.08820000,4506,True,6935697.45714200,754.39560000,2552071.03216900,0,3377.4588
154,1642023300000,1642023599999,ETHUSDT,5m,729193935,729197010,3378.41000000,3373.27,3378.42000000,3370.41000000,1395.68270000,3076,True,4708093.05462400,610.29040000,2058771.48774200,0,3377.4116000000004
155,1642023600000,1642023899999,ETHUSDT,5m,729197011,729198820,3373.73000000,3370.9,3374.75000000,3370.00000000,705.79930000,1810,True,2379923.80569400,358.40070000,1208549.01640000,0,3377.2389999999996
156,1642023900000,1642024199999,ETHUSDT,5m,729198821,729200770,3371.51000000,3374.22,3374.99000000,3368.43000000,865.39130000,1950,True,2917409.75770800,388.75350000,1310754.83131400,0,3377.2738
157,1642024200000,1642024499999,ETHUSDT,5m,729200771,729202706,3374.28000000,3374.13,3377.90000000,3367.25000000,735.80170000,1936,True,2481605.64347100,434.98440000,1467421.33597200,0,3377.3002
158,1642024500000,1642024799999,ETHUSDT,5m,729202707,729204504,3373.90000000,3366.63,3375.77000000,3365.00000000,780.68510000,1798,True,2630751.84402100,301.96680000,1017868.37120400,0,3377.099
159,1642024800000,1642025099999,ETHUSDT,5m,729204505,729206681,3366.63000000,3366.0,3371.16000000,3365.40000000,691.73820000,2177,True,2330165.96412800,304.55420000,1025833.71452100,0,3376.8388
160,1642025100000,1642025399999,ETHUSDT,5m,729206682,729209304,3366.01000000,3367.04,3367.24000000,3362.40000000,589.03110000,2623,True,1981939.67261100,290.09210000,976057.78682600,0,3376.5507999999995
161,1642025400000,1642025699999,ETHUSDT,5m,729209305,729211459,3367.04000000,3371.93,3373.00000000,3365.49000000,464.15120000,2155,True,1564607.68667500,268.67570000,905743.73312000,0,3376.4736000000003
162,1642025700000,1642025999999,ETHUSDT,5m,729211460,729213285,3372.04000000,3375.19,3375.67000000,3370.85000000,409.70900000,1826,True,1382293.93537700,224.41290000,757152.69542600,0,3376.4576
163,1642026000000,1642026299999,ETHUSDT,5m,729213286,729215189,3375.20000000,3377.14,3377.43000000,3372.08000000,519.99660000,1904,True,1754677.25953900,229.32830000,773843.00109700,0,3376.5609999999997
164,1642026300000,1642026599999,ETHUSDT,5m,729215190,729217104,3377.14000000,3378.58,3379.20000000,3376.49000000,509.20260000,1915,True,1720019.25356600,225.55580000,761961.40708100,0,3376.6904000000004
165,1642026600000,1642026899999,ETHUSDT,5m,729217105,729219227,3378.58000000,3380.76,3380.76000000,3378.57000000,690.21910000,2123,True,2332881.22207700,514.04370000,1737432.32597800,0,3376.71
166,1642026900000,1642027199999,ETHUSDT,5m,729219228,729220899,3380.76000000,3379.82,3380.94000000,3379.74000000,513.58340000,1672,True,1736167.24388700,258.77070000,874779.05131000,0,3376.5406
167,1642027200000,1642027499999,ETHUSDT,5m,729220900,729222942,3379.86000000,3371.16,3380.21000000,3371.16000000,730.58380000,2043,True,2466461.48366300,396.30220000,1337772.34231400,0,3376.3017999999997
168,1642027500000,1642027799999,ETHUSDT,5m,729222943,729224518,3371.16000000,3367.64,3371.17000000,3367.63000000,366.44950000,1576,True,1234643.36883200,162.53170000,547596.74844300,0,3376.1313999999998
169,1642027800000,1642028099999,ETHUSDT,5m,729224519,729226874,3367.64000000,3364.0,3367.77000000,3362.04000000,1105.17250000,2356,True,3718688.26898700,437.85520000,1473378.75931100,0,3375.9712
170,1642028100000,1642028399999,ETHUSDT,5m,729226875,729228335,3364.01000000,3362.9,3364.90000000,3362.45000000,887.45030000,1461,True,2984497.17920200,481.26890000,1618519.89371100,0,3375.8068
171,1642028400000,1642028699999,ETHUSDT,5m,729228336,729231032,3362.91000000,3359.9,3365.65000000,3355.51000000,1573.28210000,2697,True,5287975.12706500,787.98080000,2648469.07571100,0,3375.6078
172,1642028700000,1642028999999,ETHUSDT,5m,729231033,729233172,3359.90000000,3363.05,3363.71000000,3357.38000000,1278.23680000,2140,True,4295376.06584300,811.70720000,2727664.42949600,0,3375.4238
173,1642029000000,1642029299999,ETHUSDT,5m,729233173,729234570,3363.04000000,3364.43,3366.05000000,3362.94000000,592.06040000,1398,True,1992047.27462000,351.51430000,1182683.04825200,0,3375.3821999999996
174,1642029300000,1642029599999,ETHUSDT,5m,729234571,729235757,3364.43000000,3366.17,3368.00000000,3364.18000000,411.55180000,1187,True,1385457.48750400,185.08620000,623065.09905500,0,3375.4256
175,1642029600000,1642029899999,ETHUSDT,5m,729235758,729237293,3366.12000000,3370.05,3371.76000000,3365.96000000,709.09810000,1536,True,2389296.95236000,444.17870000,1496584.72283000,0,3375.4703999999997
176,1642029900000,1642030199999,ETHUSDT,5m,729237294,729238844,3370.04000000,3367.63,3371.13000000,3365.01000000,690.17700000,1551,True,2324433.71361500,316.33860000,1065372.02779600,0,3375.4806
177,1642030200000,1642030499999,ETHUSDT,5m,729238845,729240436,3367.62000000,3375.22,3376.91000000,3367.62000000,578.15050000,1592,True,1950489.13176100,359.26050000,1212082.64404300,0,3375.5566
178,1642030500000,1642030799999,ETHUSDT,5m,729240437,729241846,3375.09000000,3374.92,3378.85000000,3374.02000000,647.50610000,1410,True,2186254.01703100,190.96900000,644877.97250300,0,3375.4676
179,1642030800000,1642031099999,ETHUSDT,5m,729241847,729242959,3374.92000000,3375.59,3377.00000000,3374.03000000,588.91480000,1113,True,1987870.25963600,288.57920000,974128.59391400,0,3375.4828
180,1642031100000,1642031399999,ETHUSDT,5m,729242960,729244242,3375.60000000,3372.74,3376.80000000,3372.47000000,619.65710000,1283,True,2091194.31056600,304.07030000,1026231.37603000,0,3375.3607999999995
181,1642031400000,1642031699999,ETHUSDT,5m,729244243,729245606,3372.73000000,3369.79,3373.58000000,3368.61000000,650.50690000,1364,True,2192894.37104500,323.87690000,1091823.91008200,0,3375.321
182,1642031700000,1642031999999,ETHUSDT,5m,729245607,729246800,3369.79000000,3371.26,3372.72000000,3368.49000000,517.31540000,1194,True,1743406.72120000,272.42940000,918103.59593400,0,3375.2736000000004
183,1642032000000,1642032299999,ETHUSDT,5m,729246801,729250687,3371.60000000,3381.58,3382.70000000,3367.39000000,2916.60360000,3887,True,9844184.46385100,1651.39580000,5570607.99951600,0,3375.2909999999997
184,1642032300000,1642032599999,ETHUSDT,5m,729250688,729255226,3381.58000000,3378.25,3384.56000000,3377.50000000,2590.54260000,4539,True,8757609.59410600,876.61090000,2964006.09679900,0,3375.2156
185,1642032600000,1642032899999,ETHUSDT,5m,729255227,729256894,3378.50000000,3373.22,3378.50000000,3370.00000000,820.21270000,1668,True,2767169.58575200,447.85140000,1510834.09396300,0,3375.0598
186,1642032900000,1642033199999,ETHUSDT,5m,729256895,729258279,3373.21000000,3371.11,3374.92000000,3370.08000000,843.76350000,1385,True,2845821.10678200,482.91770000,1628888.64534400,0,3374.9586000000004
187,1642033200000,1642033499999,ETHUSDT,5m,729258280,729259607,3371.11000000,3371.55,3371.88000000,3368.16000000,865.83750000,1328,True,2917585.08012300,416.72350000,1404191.04190400,0,3374.8056
188,1642033500000,1642033799999,ETHUSDT,5m,729259608,729260800,3371.55000000,3371.83,3376.57000000,3370.87000000,638.32510000,1193,True,2153157.59634100,390.43260000,1317182.28815500,0,3374.6402
189,1642033800000,1642034099999,ETHUSDT,5m,729260801,729262099,3371.83000000,3373.69,3374.45000000,3368.09000000,718.01260000,1299,True,2420841.59071000,403.85570000,1361645.01104400,0,3374.5886
190,1642034100000,1642034399999,ETHUSDT,5m,729262100,729263552,3373.70000000,3371.09,3375.60000000,3371.00000000,960.67620000,1453,True,3240157.19132900,496.33940000,1674073.54244300,0,3374.5506
191,1642034400000,1642034699999,ETHUSDT,5m,729263553,729265039,3371.05000000,3364.07,3371.94000000,3363.73000000,760.67850000,1487,True,2562206.70602400,310.53120000,1045876.32094400,0,3374.4246
192,1642034700000,1642034999999,ETHUSDT,5m,729265040,729266739,3364.08000000,3358.99,3367.34000000,3358.56000000,889.64370000,1700,True,2991792.68317300,339.48710000,1141951.77351900,0,3374.2660000000005
193,1642035000000,1642035299999,ETHUSDT,5m,729266740,729269850,3358.99000000,3353.55,3359.00000000,3350.21000000,1330.82440000,3111,True,4464563.02669800,500.95970000,1680478.61281400,0,3373.9032
194,1642035300000,1642035599999,ETHUSDT,5m,729269851,729272336,3353.55000000,3353.75,3354.94000000,3348.31000000,933.89760000,2486,True,3129304.44879300,469.09140000,1571777.71592000,0,3373.4035999999996
195,1642035600000,1642035899999,ETHUSDT,5m,729272337,729274312,3353.76000000,3351.83,3358.44000000,3349.46000000,873.84090000,1976,True,2931552.11192900,470.77990000,1579238.73923800,0,3372.67
196,1642035900000,1642036199999,ETHUSDT,5m,729274313,729275675,3351.84000000,3355.0,3357.27000000,3350.00000000,446.49870000,1363,True,1497554.99666700,278.19110000,932986.85623400,0,3372.1304
197,1642036200000,1642036499999,ETHUSDT,5m,729275676,729277351,3354.99000000,3359.31,3362.39000000,3354.30000000,708.79270000,1676,True,2381314.66896300,441.75830000,1484216.50508800,0,3371.7181999999993
198,1642036500000,1642036799999,ETHUSDT,5m,729277352,729278799,3359.30000000,3357.95,3361.65000000,3356.58000000,555.31050000,1448,True,1865151.42166300,353.81080000,1188480.65574900,0,3371.1894
199,1642036800000,1642037099999,ETHUSDT,5m,729278800,729280319,3357.95000000,3352.39,3358.79000000,3351.77000000,661.99920000,1520,True,2220520.22822200,328.75340000,1102703.02953700,0,3370.4872000000005
200,1642037100000,1642037399999,ETHUSDT,5m,729280320,729282917,3352.39000000,3345.3,3353.20000000,3341.54000000,1090.97800000,2598,True,3650500.46758500,463.71630000,1551639.49823200,0,3369.5268
201,1642037400000,1642037699999,ETHUSDT,5m,729282918,729285621,3345.31000000,3340.33,3349.29000000,3340.26000000,1008.15250000,2704,True,3371704.58810000,427.16170000,1428816.50512600,0,3368.205
202,1642037700000,1642037999999,ETHUSDT,5m,729285622,729289820,3340.33000000,3338.2,3341.90000000,3331.05000000,1711.14850000,4199,True,5707354.61004300,732.21960000,2442127.57060000,0,3367.0692
203,1642038000000,1642038299999,ETHUSDT,5m,729289821,729291546,3338.20000000,3333.87,3338.48000000,3332.84000000,645.73040000,1726,True,2154513.90352200,331.11610000,1104817.69661900,0,3366.1784
204,1642038300000,1642038599999,ETHUSDT,5m,729291547,729293820,3333.86000000,3339.88,3341.81000000,3332.25000000,835.73920000,2274,True,2788869.89788200,522.81160000,1744684.72069800,0,3365.5106
205,1642038600000,1642038899999,ETHUSDT,5m,729293821,729295315,3339.87000000,3338.6,3343.80000000,3337.48000000,455.96060000,1495,True,1523151.18368600,268.08210000,895584.73937900,0,3364.8646000000003
206,1642038900000,1642039199999,ETHUSDT,5m,729295316,729296943,3338.60000000,3333.81,3340.51000000,3333.33000000,1203.09790000,1628,True,4013857.51218700,485.03300000,1618576.81209600,0,3364.0564
207,1642039200000,1642039499999,ETHUSDT,5m,729296944,729298586,3333.80000000,3338.92,3341.05000000,3333.66000000,798.98080000,1643,True,2666757.75383100,460.13140000,1535771.96893700,0,3363.3522
208,1642039500000,1642039799999,ETHUSDT,5m,729298587,729299928,3338.92000000,3332.61,3338.93000000,3331.93000000,541.78730000,1342,True,1807382.18253700,244.28950000,814787.05520900,0,3362.6718
209,1642039800000,1642040099999,ETHUSDT,5m,729299929,729301275,3332.61000000,3340.3,3341.17000000,3332.46000000,508.27550000,1347,True,1696404.74171200,352.51140000,1176650.67762200,0,3362.1577999999995
210,1642040100000,1642040399999,ETHUSDT,5m,729301276,729302452,3340.30000000,3342.3,3345.00000000,3339.45000000,351.28280000,1177,True,1174195.33230800,225.31190000,753103.23572100,0,3361.663
211,1642040400000,1642040699999,ETHUSDT,5m,729302453,729303581,3342.30000000,3342.25,3344.65000000,3342.05000000,389.46780000,1129,True,1301958.45231900,223.63840000,747582.24126400,0,3361.0694
212,1642040700000,1642040999999,ETHUSDT,5m,729303582,729304725,3342.25000000,3338.4,3343.30000000,3338.40000000,374.66300000,1144,True,1251994.60620200,252.19190000,842727.46065700,0,3360.3336
213,1642041000000,1642041299999,ETHUSDT,5m,729304726,729305774,3338.40000000,3344.91,3345.00000000,3338.28000000,463.97290000,1049,True,1551224.42832500,329.92430000,1103073.82059900,0,3359.6890000000003
214,1642041300000,1642041599999,ETHUSDT,5m,729305775,729306621,3344.91000000,3343.71,3345.00000000,3342.04000000,269.06880000,847,True,899735.61514700,146.06040000,488418.62854500,0,3358.9916
215,1642041600000,1642041899999,ETHUSDT,5m,729306622,729307660,3343.72000000,3342.01,3347.27000000,3341.49000000,401.39190000,1039,True,1342397.16040900,212.36550000,710236.79643500,0,3358.2166
216,1642041900000,1642042199999,ETHUSDT,5m,729307661,729309507,3342.00000000,3334.36,3343.19000000,3331.60000000,979.45900000,1847,True,3268005.23316300,332.92970000,1110811.51680700,0,3357.3073999999997
217,1642042200000,1642042499999,ETHUSDT,5m,729309508,729310797,3334.35000000,3335.12,3337.73000000,3333.43000000,485.11540000,1290,True,1618108.41997400,241.71450000,806323.69448700,0,3356.5865999999996
218,1642042500000,1642042799999,ETHUSDT,5m,729310798,729312231,3335.12000000,3335.07,3338.52000000,3334.00000000,916.06640000,1434,True,3055573.89430900,384.90380000,1284040.70112800,0,3355.9352000000003
219,1642042800000,1642043099999,ETHUSDT,5m,729312232,729314342,3335.07000000,3335.96,3340.78000000,3331.49000000,760.65700000,2111,True,2538183.15328500,480.99020000,1605123.20599600,0,3355.3744
220,1642043100000,1642043399999,ETHUSDT,5m,729314343,729318070,3335.97000000,3324.42,3336.57000000,3322.74000000,1361.41800000,3728,True,4532618.43054500,531.91870000,1770602.61218100,0,3354.6047999999996
221,1642043400000,1642043699999,ETHUSDT,5m,729318071,729321966,3324.41000000,3316.85,3325.43000000,3316.08000000,1720.86710000,3896,True,5714541.44691300,880.48400000,2924148.05769100,0,3353.7438
222,1642043700000,1642043999999,ETHUSDT,5m,729321967,729326371,3316.85000000,3319.59,3321.59000000,3310.00000000,2497.39270000,4405,True,8284207.87143800,619.41720000,2055352.69457700,0,3352.8746
223,1642044000000,1642044299999,ETHUSDT,5m,729326372,729328534,3319.59000000,3322.07,3324.09000000,3317.38000000,885.88210000,2163,True,2941319.58246400,520.01830000,1726628.54931100,0,3352.0274
224,1642044300000,1642044599999,ETHUSDT,5m,729328535,729330648,3322.07000000,3319.11,3323.74000000,3318.84000000,1146.50480000,2114,True,3807384.00895700,434.86690000,1444269.05296500,0,3351.0861999999997
225,1642044600000,1642044899999,ETHUSDT,5m,729330649,729333556,3319.10000000,3327.35,3330.50000000,3316.81000000,1174.98370000,2908,True,3905676.54671400,760.21550000,2526963.39311000,0,3350.2322000000004
226,1642044900000,1642045199999,ETHUSDT,5m,729333557,729335090,3327.36000000,3331.48,3333.00000000,3327.35000000,563.62320000,1534,True,1877488.37715100,207.53080000,691273.88741300,0,3349.5092000000004
227,1642045200000,1642045499999,ETHUSDT,5m,729335091,729336707,3331.48000000,3335.0,3335.00000000,3329.60000000,580.61280000,1617,True,1934650.21912000,295.98410000,986369.31654400,0,3348.7048000000004
228,1642045500000,1642045799999,ETHUSDT,5m,729336708,729338383,3335.00000000,3337.45,3340.00000000,3334.40000000,531.41880000,1676,True,1773450.92768000,269.60430000,899676.22854400,0,3347.9554
229,1642045800000,1642046099999,ETHUSDT,5m,729338384,729339679,3337.44000000,3336.7,3337.45000000,3334.46000000,432.00860000,1296,True,1441020.67163700,232.01530000,773916.87999500,0,3347.1776
230,1642046100000,1642046399999,ETHUSDT,5m,729339680,729340796,3336.71000000,3338.04,3338.09000000,3335.31000000,417.32240000,1117,True,1392417.40254400,240.13120000,801229.40528600,0,3346.4836000000005
231,1642046400000,1642046699999,ETHUSDT,5m,729340797,729342964,3338.03000000,3343.22,3345.35000000,3336.60000000,750.54830000,2168,True,2508943.48333900,476.06040000,1591254.69684300,0,3345.9521999999997
232,1642046700000,1642046999999,ETHUSDT,5m,729342965,729345082,3343.46000000,3344.33,3345.26000000,3342.24000000,830.65950000,2118,True,2777292.52481800,285.72940000,955390.20138400,0,3345.4136
233,1642047000000,1642047299999,ETHUSDT,5m,729345083,729347045,3344.33000000,3342.03,3346.20000000,3340.49000000,605.99210000,1963,True,2026348.76398000,313.03010000,1046584.50210700,0,3344.6226
234,1642047300000,1642047599999,ETHUSDT,5m,729347046,729349849,3342.03000000,3346.9,3352.67000000,3341.29000000,1171.22860000,2804,True,3923312.88506000,656.66120000,2199451.51285000,0,3343.9956
235,1642047600000,1642047899999,ETHUSDT,5m,729349850,729351736,3346.91000000,3346.06,3347.67000000,3345.00000000,641.93090000,1887,True,2148129.44046000,341.77130000,1143682.70035000,0,3343.4524
236,1642047900000,1642048199999,ETHUSDT,5m,729351737,729353550,3346.07000000,3349.34,3349.44000000,3342.96000000,607.25480000,1814,True,2032008.28188100,388.38710000,1299698.04696500,0,3343.0169999999994
237,1642048200000,1642048499999,ETHUSDT,5m,729353551,729355058,3349.44000000,3344.96,3349.44000000,3344.13000000,264.48920000,1508,True,884849.34622200,126.53490000,423288.11713200,0,3342.4852
238,1642048500000,1642048799999,ETHUSDT,5m,729355059,729356783,3344.95000000,3347.66,3349.22000000,3344.78000000,569.04150000,1725,True,1904596.91335800,296.28770000,991680.28571800,0,3342.0018000000005
239,1642048800000,1642049099999,ETHUSDT,5m,729356784,729358353,3347.66000000,3347.57,3349.60000000,3346.17000000,266.72710000,1570,True,892905.13886700,186.02670000,622748.34471700,0,3341.4794
240,1642049100000,1642049399999,ETHUSDT,5m,729358354,729360525,3347.57000000,3339.5,3347.59000000,3338.07000000,897.69680000,2172,True,3001329.68417200,475.74670000,1590992.76007800,0,3340.8476
241,1642049400000,1642049699999,ETHUSDT,5m,729360526,729362892,3339.50000000,3339.53,3339.54000000,3333.96000000,805.01900000,2367,True,2686140.06886500,311.29840000,1038671.77921200,0,3340.3568
242,1642049700000,1642049999999,ETHUSDT,5m,729362893,729364528,3339.53000000,3336.92,3340.30000000,3335.40000000,496.59930000,1636,True,1657734.48095300,250.97270000,837860.83912100,0,3339.9154
243,1642050000000,1642050299999,ETHUSDT,5m,729364529,729366773,3336.92000000,3340.65,3343.28000000,3330.00000000,2239.47990000,2245,True,7470435.99879700,572.19670000,1910998.45079100,0,3339.6574
244,1642050300000,1642050599999,ETHUSDT,5m,729366774,729369506,3340.65000000,3332.7,3340.81000000,3330.00000000,1411.85350000,2733,True,4706090.32072400,651.13320000,2170132.39320900,0,3339.2364000000002
245,1642050600000,1642050899999,ETHUSDT,5m,729369507,729371287,3332.70000000,3325.42,3332.71000000,3324.10000000,1029.28150000,1781,True,3425725.08935800,250.93850000,834895.94561100,0,3338.7082
246,1642050900000,1642051199999,ETHUSDT,5m,729371288,729372721,3325.41000000,3331.1,3331.10000000,3324.43000000,621.82040000,1434,True,2068922.98771900,355.23930000,1181871.26135100,0,3338.2302
247,1642051200000,1642051499999,ETHUSDT,5m,729372722,729374103,3331.10000000,3332.4,3333.46000000,3327.43000000,492.68410000,1382,True,1640968.42243200,208.51360000,694412.19650000,0,3337.692
248,1642051500000,1642051799999,ETHUSDT,5m,729374104,729375695,3332.41000000,3336.27,3338.08000000,3331.87000000,734.71180000,1592,True,2449825.67852400,427.95100000,1427119.52005200,0,3337.2584
249,1642051800000,1642052099999,ETHUSDT,5m,729375696,729377236,3336.28000000,3333.9,3339.86000000,3333.38000000,661.74080000,1541,True,2207859.16547400,338.58660000,1129603.35899600,0,3336.8885999999998
250,1642052100000,1642052399999,ETHUSDT,5m,729377237,729378236,3333.91000000,3336.93,3337.93000000,3333.00000000,373.62120000,1000,True,1246147.18366500,158.69470000,529345.50245800,0,3336.7212
251,1642052400000,1642052699999,ETHUSDT,5m,729378237,729379207,3336.94000000,3334.37,3337.12000000,3332.38000000,450.98160000,971,True,1503956.24353500,200.39470000,668165.91978100,0,3336.6020000000003
252,1642052700000,1642052999999,ETHUSDT,5m,729379208,729380477,3334.37000000,3336.16,3336.85000000,3330.77000000,573.10640000,1270,True,1910960.90012400,228.45640000,761677.95939000,0,3336.5612
253,1642053000000,1642053299999,ETHUSDT,5m,729380478,729382003,3336.16000000,3341.25,3343.31000000,3336.10000000,883.71870000,1526,True,2950777.99113300,548.03200000,1829725.72979200,0,3336.7088
254,1642053300000,1642053599999,ETHUSDT,5m,729382004,729382991,3341.26000000,3337.01,3341.44000000,3337.00000000,391.89960000,988,True,1308618.40139100,111.05750000,370851.55527800,0,3336.6514
255,1642053600000,1642053899999,ETHUSDT,5m,729382992,729384526,3337.01000000,3341.55,3342.32000000,3335.36000000,633.71850000,1535,True,2115514.55761200,269.77000000,900547.44869700,0,3336.7104
256,1642053900000,1642054199999,ETHUSDT,5m,729384527,729386054,3341.56000000,3336.78,3343.61000000,3336.00000000,544.71210000,1528,True,1819389.27789400,228.52990000,763552.56970500,0,3336.7698
257,1642054200000,1642054499999,ETHUSDT,5m,729386055,729387317,3336.78000000,3338.56,3339.73000000,3335.00000000,361.86010000,1263,True,1207637.17132100,199.62580000,666291.54821200,0,3336.7626
258,1642054500000,1642054799999,ETHUSDT,5m,729387318,729388627,3338.56000000,3343.12,3343.64000000,3337.98000000,524.00200000,1310,True,1750189.54079400,270.99770000,905194.72694900,0,3336.9727999999996
259,1642054800000,1642055099999,ETHUSDT,5m,729388628,729389827,3343.12000000,3341.67,3343.22000000,3340.12000000,377.89760000,1200,True,1262903.84722900,226.09760000,755591.00057100,0,3337.0002000000004
260,1642055100000,1642055399999,ETHUSDT,5m,729389828,729390949,3341.67000000,3341.18,3342.08000000,3340.38000000,442.30110000,1122,True,1477863.99135000,224.25170000,749286.96738400,0,3336.9777999999997
261,1642055400000,1642055699999,ETHUSDT,5m,729390950,729392015,3341.18000000,3341.09,3341.84000000,3338.22000000,412.79480000,1066,True,1378672.71623300,202.86440000,677502.30064600,0,3336.9545999999996
262,1642055700000,1642055999999,ETHUSDT,5m,729392016,729393399,3341.08000000,3342.77,3345.00000000,3341.08000000,917.06890000,1384,True,3066377.83051600,393.12910000,1314442.22300500,0,3337.042
263,1642056000000,1642056299999,ETHUSDT,5m,729393400,729394923,3342.78000000,3338.09,3343.84000000,3336.09000000,966.30620000,1524,True,3225864.82979600,203.32140000,678989.87409500,0,3336.9056
264,1642056300000,1642056599999,ETHUSDT,5m,729394924,729396020,3338.08000000,3335.82,3339.85000000,3335.63000000,356.63850000,1097,True,1190315.25843100,237.75140000,793556.03911500,0,3336.7478
265,1642056600000,1642056899999,ETHUSDT,5m,729396021,729397146,3335.82000000,3335.58,3337.40000000,3334.63000000,367.53880000,1126,True,1225931.55732700,146.99780000,490308.23644100,0,3336.6191999999996
266,1642056900000,1642057199999,ETHUSDT,5m,729397147,729398361,3335.59000000,3340.52,3343.47000000,3335.14000000,656.36700000,1215,True,2190935.87875800,456.75250000,1524257.30941800,0,3336.7424
267,1642057200000,1642057499999,ETHUSDT,5m,729398362,729399839,3340.52000000,3339.01,3342.54000000,3337.38000000,415.99120000,1478,True,1389154.25482900,244.17270000,815420.48447500,0,3336.8202
268,1642057500000,1642057799999,ETHUSDT,5m,729399840,729400914,3339.00000000,3343.17,3343.58000000,3337.17000000,276.39220000,1075,True,923133.30566800,134.57780000,449527.13192000,0,3336.9822000000004
269,1642057800000,1642058099999,ETHUSDT,5m,729400915,729402027,3343.17000000,3341.69,3343.85000000,3340.59000000,288.77410000,1113,True,965215.19176900,125.99150000,421144.05685000,0,3337.0968000000007
270,1642058100000,1642058399999,ETHUSDT,5m,729402028,729403378,3341.69000000,3344.57,3345.81000000,3340.29000000,508.93830000,1351,True,1701510.95255400,305.78020000,1022296.73809200,0,3337.4997999999996
271,1642058400000,1642058699999,ETHUSDT,5m,729403379,729404747,3344.56000000,3348.4,3349.00000000,3342.61000000,1091.08850000,1369,True,3652040.86702800,570.79710000,1910128.99782700,0,3338.1308000000004
272,1642058700000,1642058999999,ETHUSDT,5m,729404748,729405795,3348.39000000,3344.97,3348.80000000,3343.95000000,381.09020000,1048,True,1275320.46311600,158.22020000,529435.59352800,0,3338.6384000000003
273,1642059000000,1642059299999,ETHUSDT,5m,729405796,729406979,3344.97000000,3340.83,3347.57000000,3340.36000000,432.84550000,1184,True,1447934.59373200,198.21430000,663105.05714300,0,3339.0135999999998
274,1642059300000,1642059599999,ETHUSDT,5m,729406980,729408361,3340.83000000,3336.61,3340.84000000,3335.49000000,775.75440000,1382,True,2589517.29688800,257.87030000,860691.82658400,0,3339.3635999999997
275,1642059600000,1642059899999,ETHUSDT,5m,729408362,729410607,3336.57000000,3333.92,3336.65000000,3330.00000000,2024.94050000,2246,True,6747998.88910900,542.59450000,1808795.63606200,0,3339.495
276,1642059900000,1642060199999,ETHUSDT,5m,729410608,729412012,3333.93000000,3338.0,3338.86000000,3332.85000000,459.35170000,1405,True,1532147.29322700,241.83360000,806655.22136100,0,3339.6254
277,1642060200000,1642060499999,ETHUSDT,5m,729412013,729413098,3337.99000000,3340.0,3340.00000000,3337.71000000,395.00980000,1086,True,1318870.09431500,173.40860000,578996.73581900,0,3339.7254
278,1642060500000,1642060799999,ETHUSDT,5m,729413099,729414074,3340.00000000,3339.99,3340.00000000,3338.02000000,288.21510000,976,True,962484.57936800,176.23990000,588595.14459000,0,3339.7762
279,1642060800000,1642061099999,ETHUSDT,5m,729414075,729416802,3339.99000000,3338.52,3341.85000000,3335.05000000,1898.89860000,2728,True,6339727.30570500,590.87330000,1972999.34771600,0,3339.8126
280,1642061100000,1642061399999,ETHUSDT,5m,729416803,729418897,3338.75000000,3344.99,3345.00000000,3338.58000000,616.68600000,2095,True,2060567.43541600,300.00050000,1002371.33976900,0,3339.9516
281,1642061400000,1642061699999,ETHUSDT,5m,729418898,729421269,3344.98000000,3349.39,3349.44000000,3344.47000000,876.53770000,2372,True,2933445.53793300,513.13270000,1717276.47950400,0,3340.0750000000007
282,1642061700000,1642061999999,ETHUSDT,5m,729421270,729423537,3349.39000000,3349.11,3350.67000000,3347.19000000,1079.29350000,2268,True,3614307.56884900,635.15600000,2126978.84262300,0,3340.1706
283,1642062000000,1642062299999,ETHUSDT,5m,729423538,729425258,3349.11000000,3345.36,3351.95000000,3345.35000000,676.28110000,1721,True,2264914.15877800,241.54300000,808863.92952600,0,3340.2371999999996
284,1642062300000,1642062599999,ETHUSDT,5m,729425259,729426857,3345.55000000,3347.3,3347.71000000,3343.88000000,635.90120000,1599,True,2127514.52528300,312.68480000,1046100.51045900,0,3340.2452000000003
285,1642062600000,1642062899999,ETHUSDT,5m,729426858,729429040,3347.25000000,3354.01,3355.45000000,3346.34000000,1606.22920000,2183,True,5381088.48312800,626.18790000,2097660.91291900,0,3340.4042000000004
286,1642062900000,1642063199999,ETHUSDT,5m,729429041,729431365,3354.01000000,3352.1,3357.56000000,3350.82000000,805.54960000,2325,True,2702340.26350900,442.15360000,1483409.22851700,0,3340.4594
287,1642063200000,1642063499999,ETHUSDT,5m,729431366,729433096,3352.11000000,3353.99,3354.94000000,3349.90000000,885.08120000,1731,True,2966956.76182600,475.93940000,1595523.43612600,0,3340.64
288,1642063500000,1642063799999,ETHUSDT,5m,729433097,729434518,3353.99000000,3351.76,3354.00000000,3350.43000000,497.33290000,1422,True,1666856.34425400,234.15960000,784835.86125500,0,3340.7219999999998
289,1642063800000,1642064099999,ETHUSDT,5m,729434519,729436058,3351.75000000,3351.32,3353.76000000,3350.50000000,513.71920000,1540,True,1722120.83330900,241.27490000,808876.04127700,0,3340.797
290,1642064100000,1642064399999,ETHUSDT,5m,729436059,729437664,3351.32000000,3357.56,3357.69000000,3350.86000000,761.55980000,1606,True,2554362.62831800,543.14070000,1821913.92905800,0,3341.1582
291,1642064400000,1642064699999,ETHUSDT,5m,729437665,729439111,3357.56000000,3352.46,3357.56000000,3352.27000000,809.65820000,1447,True,2717047.03341600,224.86420000,754464.40378200,0,3341.4168000000004
292,1642064700000,1642064999999,ETHUSDT,5m,729439112,729440755,3352.47000000,3351.08,3353.43000000,3350.08000000,639.70980000,1644,True,2143841.87775200,263.56670000,883302.51105100,0,3341.7
293,1642065000000,1642065299999,ETHUSDT,5m,729440756,729441966,3351.07000000,3351.15,3352.95000000,3350.00000000,480.40600000,1211,True,1609969.71217600,232.05910000,777735.21952300,0,3341.91
294,1642065300000,1642065599999,ETHUSDT,5m,729441967,729443629,3351.15000000,3348.07,3351.15000000,3347.59000000,936.83570000,1663,True,3138216.34215500,195.23160000,654014.68016200,0,3342.2174
295,1642065600000,1642065899999,ETHUSDT,5m,729443630,729444901,3348.07000000,3349.99,3350.00000000,3348.00000000,440.60090000,1272,True,1475479.97026000,192.04150000,643125.79771200,0,3342.7088
296,1642065900000,1642066199999,ETHUSDT,5m,729444902,729449147,3349.99000000,3365.66,3368.56000000,3349.99000000,1845.64810000,4246,True,6205524.60853900,948.67310000,3188700.74921100,0,3343.4
297,1642066200000,1642066499999,ETHUSDT,5m,729449148,729452581,3365.65000000,3372.15,3375.14000000,3365.65000000,1822.87060000,3434,True,6146131.77919400,883.83370000,2979884.60688500,0,3344.195
298,1642066500000,1642066799999,ETHUSDT,5m,729452582,729454653,3372.15000000,3366.46,3372.50000000,3366.29000000,662.69280000,2072,True,2232935.78393800,323.05820000,1088585.29252200,0,3344.7988
299,1642066800000,1642067099999,ETHUSDT,5m,729454654,729456639,3366.45000000,3357.48,3367.00000000,3355.81000000,905.02810000,1986,True,3041196.58672600,330.50170000,1110870.43439100,0,3345.2704
300,1642067100000,1642067399999,ETHUSDT,5m,729456640,729458374,3357.48000000,3356.81,3361.05000000,3355.66000000,639.98830000,1735,True,2149126.57636600,332.81120000,1117677.20501800,0,3345.6679999999997
301,1642067400000,1642067699999,ETHUSDT,5m,729458375,729459854,3356.81000000,3361.31,3361.99000000,3354.65000000,478.74840000,1480,True,1607811.87612400,285.60980000,959217.73032200,0,3346.2068
302,1642067700000,1642067999999,ETHUSDT,5m,729459855,729461301,3361.30000000,3362.35,3363.88000000,3359.96000000,497.00710000,1447,True,1670280.12079200,260.42280000,875181.44233700,0,3346.7306
303,1642068000000,1642068299999,ETHUSDT,5m,729461302,729462895,3362.35000000,3365.63,3366.28000000,3360.51000000,466.27320000,1594,True,1568380.65911300,253.79050000,853595.41912100,0,3347.2182000000003
304,1642068300000,1642068599999,ETHUSDT,5m,729462896,729464884,3365.62000000,3369.41,3375.00000000,3365.53000000,840.42230000,1989,True,2832998.40177700,495.57850000,1670734.05533500,0,3347.8662
305,1642068600000,1642068899999,ETHUSDT,5m,729464885,729466426,3369.42000000,3370.21,3374.16000000,3366.19000000,559.76530000,1542,True,1886424.45770000,326.35130000,1099845.62821200,0,3348.4394
306,1642068900000,1642069199999,ETHUSDT,5m,729466427,729468140,3370.21000000,3375.49,3377.74000000,3369.19000000,632.71540000,1714,True,2134368.46411600,360.41770000,1215673.51776700,0,3349.2136
307,1642069200000,1642069499999,ETHUSDT,5m,729468141,729470451,3375.49000000,3372.63,3379.00000000,3372.02000000,1246.83370000,2311,True,4210347.24182300,575.98670000,1944723.39009100,0,3349.895
308,1642069500000,1642069799999,ETHUSDT,5m,729470452,729472438,3372.64000000,3364.93,3374.88000000,3363.39000000,893.45980000,1987,True,3011644.82633400,378.05090000,1274367.25711800,0,3350.3312000000005
309,1642069800000,1642070099999,ETHUSDT,5m,729472439,729474260,3364.93000000,3367.89,3368.76000000,3358.03000000,734.91730000,1822,True,2471419.35134900,421.16420000,1416480.86509700,0,3350.8556
310,1642070100000,1642070399999,ETHUSDT,5m,729474261,729475334,3367.89000000,3365.21,3368.62000000,3365.21000000,324.84200000,1074,True,1093625.33125600,163.04390000,548921.96138700,0,3351.3361999999997
311,1642070400000,1642070699999,ETHUSDT,5m,729475335,729476705,3365.21000000,3362.65,3367.19000000,3361.33000000,386.85860000,1371,True,1301283.45695800,204.68860000,688493.76452500,0,3351.7674000000006
312,1642070700000,1642070999999,ETHUSDT,5m,729476706,729477720,3362.64000000,3367.01,3368.00000000,3362.64000000,245.10430000,1015,True,824963.48186700,117.95350000,397008.21386200,0,3352.2522
313,1642071000000,1642071299999,ETHUSDT,5m,729477721,729479021,3367.00000000,3362.94,3367.86000000,3360.00000000,396.53660000,1301,True,1333673.52286300,119.58910000,402265.64800300,0,3352.7491999999997
314,1642071300000,1642071599999,ETHUSDT,5m,729479022,729480901,3362.93000000,3356.08,3362.94000000,3355.49000000,2424.48980000,1880,True,8139924.48543200,1763.37690000,5919721.32670400,0,3353.1544
315,1642071600000,1642071899999,ETHUSDT,5m,729480902,729483009,3356.08000000,3350.31,3359.92000000,3350.30000000,989.33540000,2108,True,3319026.13598800,380.89740000,1277843.64329400,0,3353.449
316,1642071900000,1642072199999,ETHUSDT,5m,729483010,729485288,3350.30000000,3350.04,3351.68000000,3347.25000000,2317.81800000,2279,True,7764522.85318800,428.49900000,1435380.65654700,0,3353.6394
317,1642072200000,1642072499999,ETHUSDT,5m,729485289,729488201,3350.05000000,3342.01,3350.34000000,3340.16000000,1618.83100000,2913,True,5416286.50387100,509.11720000,1702804.79029100,0,3353.6994
318,1642072500000,1642072799999,ETHUSDT,5m,729488202,729491188,3342.01000000,3338.79,3342.02000000,3335.09000000,1357.87300000,2987,True,4532430.29202000,519.43950000,1733882.91008700,0,3353.6118
319,1642072800000,1642073099999,ETHUSDT,5m,729491189,729493461,3338.80000000,3338.29,3348.67000000,3338.17000000,713.07010000,2273,True,2384220.01013700,395.49570000,1322563.09351200,0,3353.5438
320,1642073100000,1642073399999,ETHUSDT,5m,729493462,729496547,3338.29000000,3335.79,3338.60000000,3329.99000000,1495.74410000,3086,True,4985920.79376500,522.71160000,1742241.79628600,0,3353.3682
321,1642073400000,1642073699999,ETHUSDT,5m,729496548,729498492,3335.78000000,3339.98,3342.93000000,3334.98000000,751.76350000,1945,True,2510515.12329100,376.12970000,1256095.76876000,0,3353.1998
322,1642073700000,1642073999999,ETHUSDT,5m,729498493,729500084,3339.98000000,3343.55,3344.14000000,3338.01000000,348.06580000,1592,True,1163247.92630200,156.35130000,522515.73393300,0,3353.1713999999997
323,1642074000000,1642074299999,ETHUSDT,5m,729500085,729501671,3343.56000000,3341.37,3343.56000000,3340.00000000,490.59900000,1587,True,1639403.68041500,192.65980000,643784.70778800,0,3353.1821999999997
324,1642074300000,1642074599999,ETHUSDT,5m,729501672,729504019,3341.36000000,3336.0,3341.37000000,3328.86000000,941.13650000,2348,True,3138139.76692000,404.92110000,1349886.03821400,0,3353.17
325,1642074600000,1642074899999,ETHUSDT,5m,729504020,729505414,3336.05000000,3336.18,3339.79000000,3334.48000000,467.13270000,1395,True,1558680.11307200,171.71140000,572946.61097800,0,3353.2152
326,1642074900000,1642075199999,ETHUSDT,5m,729505415,729506767,3336.18000000,3333.99,3337.74000000,3332.27000000,424.43460000,1353,True,1415702.54186300,163.14660000,544157.43739500,0,3353.135
327,1642075200000,1642075499999,ETHUSDT,5m,729506768,729508759,3334.00000000,3341.5,3343.00000000,3332.28000000,730.09690000,1992,True,2438270.53308000,395.04250000,1319232.04949400,0,3353.165
328,1642075500000,1642075799999,ETHUSDT,5m,729508760,729511287,3341.51000000,3352.1,3354.33000000,3341.24000000,1061.44870000,2528,True,3554780.45468000,569.16080000,1905621.98506700,0,3353.4072
329,1642075800000,1642076099999,ETHUSDT,5m,729511288,729513484,3352.10000000,3350.67,3354.18000000,3349.17000000,927.34320000,2197,True,3108016.39022900,497.75150000,1668167.77025300,0,3353.6501999999996
330,1642076100000,1642076399999,ETHUSDT,5m,729513485,729515177,3350.66000000,3345.26,3351.11000000,3342.30000000,530.21020000,1693,True,1774024.08316500,193.23410000,646461.88731300,0,3353.6556
331,1642076400000,1642076699999,ETHUSDT,5m,729515178,729516862,3345.19000000,3347.84,3348.44000000,3343.04000000,545.27410000,1685,True,1824257.37471700,222.06900000,742893.91112800,0,3353.6245999999996
332,1642076700000,1642076999999,ETHUSDT,5m,729516863,729518593,3347.85000000,3351.44,3351.64000000,3346.13000000,566.55320000,1731,True,1897518.76317700,243.66850000,816000.33907100,0,3353.6711999999998
333,1642077000000,1642077299999,ETHUSDT,5m,729518594,729520589,3351.22000000,3354.8,3355.00000000,3346.00000000,794.51970000,1996,True,2661345.52093300,360.64060000,1208089.41111600,0,3353.86
334,1642077300000,1642077599999,ETHUSDT,5m,729520590,729522379,3354.80000000,3357.69,3358.74000000,3353.43000000,923.81090000,1790,True,3099711.10713300,651.67160000,2186592.07947900,0,3354.0678
335,1642077600000,1642077899999,ETHUSDT,5m,729522380,729524681,3357.70000000,3358.92,3364.66000000,3356.16000000,940.89730000,2302,True,3161751.88418800,452.25250000,1519783.65264300,0,3354.1659999999997
336,1642077900000,1642078199999,ETHUSDT,5m,729524682,729526509,3358.92000000,3358.25,3362.00000000,3355.39000000,676.42110000,1828,True,2271956.02421600,321.07380000,1078421.12368000,0,3354.289
337,1642078200000,1642078499999,ETHUSDT,5m,729526510,729528332,3358.25000000,3363.45,3363.99000000,3356.82000000,581.87850000,1823,True,1955266.29773200,272.30930000,914978.60325700,0,3354.4782
338,1642078500000,1642078799999,ETHUSDT,5m,729528333,729530092,3363.46000000,3367.22,3368.44000000,3360.94000000,669.07360000,1760,True,2251214.06001800,343.85850000,1156807.44584700,0,3354.7874000000006
339,1642078800000,1642079099999,ETHUSDT,5m,729530093,729531972,3367.22000000,3361.71,3367.82000000,3358.13000000,909.41740000,1880,True,3058247.51012000,394.58720000,1326726.65134400,0,3354.9952000000003
340,1642079100000,1642079399999,ETHUSDT,5m,729531973,729533580,3361.71000000,3359.77,3366.97000000,3359.77000000,732.34000000,1608,True,2463840.99348400,381.65320000,1284047.41187400,0,3355.0394
341,1642079400000,1642079699999,ETHUSDT,5m,729533581,729535505,3359.78000000,3360.16,3362.33000000,3356.10000000,1331.77960000,1925,True,4473864.89067800,275.53890000,925770.14575500,0,3355.1934
342,1642079700000,1642079999999,ETHUSDT,5m,729535506,729536990,3360.16000000,3355.85,3360.41000000,3352.53000000,525.64070000,1485,True,1763834.77226600,198.60670000,666473.42553700,0,3355.2888000000003
343,1642080000000,1642080299999,ETHUSDT,5m,729536991,729539313,3355.84000000,3354.29,3361.33000000,3352.11000000,1624.86410000,2323,True,5454675.13751600,515.04980000,1729278.80078800,0,3355.3516000000004
344,1642080300000,1642080599999,ETHUSDT,5m,729539314,729540667,3354.29000000,3354.22,3354.82000000,3351.86000000,452.74820000,1354,True,1518273.29491200,234.33200000,785797.29693000,0,3355.4746
345,1642080600000,1642080899999,ETHUSDT,5m,729540668,729544240,3354.22000000,3371.85,3378.00000000,3352.47000000,1822.92550000,3573,True,6140558.96986000,1191.86400000,4015071.25592700,0,3355.9118
346,1642080900000,1642081199999,ETHUSDT,5m,729544241,729546736,3371.85000000,3373.8,3378.00000000,3370.00000000,1273.58320000,2496,True,4297429.77971600,664.46810000,2242201.36165700,0,3356.0746000000004
347,1642081200000,1642081499999,ETHUSDT,5m,729546737,729548572,3373.80000000,3366.39,3375.29000000,3366.37000000,804.77220000,1836,True,2713101.44856000,438.95130000,1479884.59768500,0,3355.9594
348,1642081500000,1642081799999,ETHUSDT,5m,729548573,729549987,3366.40000000,3368.82,3371.94000000,3366.39000000,584.31130000,1415,True,1969000.66406100,294.35880000,991852.35039600,0,3356.0065999999997
349,1642081800000,1642082099999,ETHUSDT,5m,729549988,729551648,3368.81000000,3366.77,3370.00000000,3364.05000000,691.14990000,1661,True,2327672.16794400,379.99070000,1279770.00507600,0,3356.1924
350,1642082100000,1642082399999,ETHUSDT,5m,729551649,729553482,3366.76000000,3373.0,3373.58000000,3363.84000000,859.48960000,1834,True,2894786.40740800,493.84530000,1663553.39921600,0,3356.5162
351,1642082400000,1642082699999,ETHUSDT,5m,729553483,729555613,3373.00000000,3367.19,3373.85000000,3364.43000000,959.57820000,2131,True,3233311.64581400,515.75580000,1737603.29746600,0,3356.6338
352,1642082700000,1642082999999,ETHUSDT,5m,729555614,729557589,3367.20000000,3374.51,3375.00000000,3366.31000000,982.85840000,1976,True,3312674.73907900,539.27350000,1817711.14363700,0,3356.877
353,1642083000000,1642083299999,ETHUSDT,5m,729557590,729559554,3374.51000000,3375.03,3376.50000000,3368.54000000,876.08060000,1965,True,2954261.43642000,477.41380000,1609971.96772800,0,3357.065
354,1642083300000,1642083599999,ETHUSDT,5m,729559555,729565721,3375.03000000,3384.72,3390.00000000,3372.45000000,2933.57740000,6167,True,9924330.55506100,1766.51490000,5975991.06675300,0,3357.3712
355,1642083600000,1642083899999,ETHUSDT,5m,729565722,729569131,3384.72000000,3385.19,3389.36000000,3380.00000000,2773.18400000,3410,True,9388257.00829100,1513.23730000,5122029.08919000,0,3357.6708000000003
356,1642083900000,1642084199999,ETHUSDT,5m,729569132,729571849,3385.20000000,3383.74,3392.26000000,3383.73000000,1464.62190000,2718,True,4961052.27018300,846.19390000,2866389.89258200,0,3357.8358000000003
357,1642084200000,1642084499999,ETHUSDT,5m,729571850,729575934,3383.73000000,3389.26,3396.78000000,3383.73000000,2788.28170000,4085,True,9454317.03844700,1612.39780000,5466394.42554600,0,3358.1684000000005
358,1642084500000,1642084799999,ETHUSDT,5m,729575935,729583525,3389.26000000,3407.61,3409.00000000,3387.65000000,4715.04250000,7591,True,16027516.24045600,2904.17790000,9871706.72553300,0,3359.0219999999995
359,1642084800000,1642085099999,ETHUSDT,5m,729583526,729588363,3407.61000000,3389.93,3410.00000000,3385.71000000,2388.76580000,4838,True,8109290.70566100,1315.59200000,4465299.62066800,0,3359.4628000000002
360,1642085100000,1642085399999,ETHUSDT,5m,729588364,729592887,3389.94000000,3374.18,3392.00000000,3368.00000000,2867.13080000,4524,True,9685331.36881000,1579.46790000,5336672.08831400,0,3359.6422000000002
361,1642085400000,1642085699999,ETHUSDT,5m,729592888,729595441,3374.18000000,3375.18,3379.78000000,3372.32000000,1300.97770000,2554,True,4392379.46770100,663.01370000,2238537.56408800,0,3359.8927999999996
362,1642085700000,1642085999999,ETHUSDT,5m,729595442,729598228,3375.43000000,3386.43,3391.33000000,3375.18000000,1689.75160000,2787,True,5721041.49932800,1011.90240000,3425757.91605000,0,3360.2812
363,1642086000000,1642086299999,ETHUSDT,5m,729598229,729601273,3386.43000000,3371.33,3391.83000000,3369.86000000,1520.54700000,3045,True,5137098.40650200,753.41170000,2545521.75845400,0,3360.449
364,1642086300000,1642086599999,ETHUSDT,5m,729601274,729603270,3371.33000000,3369.47,3375.00000000,3369.10000000,913.75320000,1997,True,3081366.62764200,501.58350000,1691557.09815600,0,3360.7168
365,1642086600000,1642086899999,ETHUSDT,5m,729603271,729608316,3369.47000000,3354.06,3371.07000000,3351.00000000,2616.31070000,5046,True,8794797.90424900,1280.89860000,4306036.53069200,0,3360.7918
366,1642086900000,1642087199999,ETHUSDT,5m,729608317,729627897,3354.07000000,3316.67,3354.42000000,3298.67000000,17072.68670000,19581,True,56834495.95195300,8436.36730000,28089472.79229400,0,3360.1244
367,1642087200000,1642087499999,ETHUSDT,5m,729627898,729636676,3316.64000000,3316.92,3323.00000000,3307.97000000,10365.77340000,8779,True,34372513.12044800,4824.20450000,15985974.11767700,0,3359.6226
368,1642087500000,1642087799999,ETHUSDT,5m,729636677,729646748,3316.92000000,3313.25,3320.00000000,3290.89000000,6653.80980000,10072,True,21986009.38164200,3208.44720000,10603333.52187900,0,3359.1118
369,1642087800000,1642088099999,ETHUSDT,5m,729646749,729655855,3313.25000000,3292.02,3313.25000000,3285.90000000,5702.97290000,9107,True,18808969.95067900,2460.39130000,8113548.40326000,0,3358.1863999999996
370,1642088100000,1642088399999,ETHUSDT,5m,729655856,729661182,3292.03000000,3303.84,3306.89000000,3290.06000000,2758.79400000,5327,True,9104656.71835100,1323.47160000,4368130.46190700,0,3357.5474
371,1642088400000,1642088699999,ETHUSDT,5m,729661183,729664627,3303.84000000,3297.98,3309.06000000,3296.83000000,1865.39350000,3445,True,6161809.78452300,919.86310000,3038196.89182100,0,3356.7074
372,1642088700000,1642088999999,ETHUSDT,5m,729664628,729668155,3297.99000000,3292.35,3303.98000000,3291.50000000,2066.59710000,3528,True,6817131.29741900,898.50650000,2963522.86683000,0,3355.6834000000003
373,1642089000000,1642089299999,ETHUSDT,5m,729668156,729678136,3292.86000000,3280.66,3293.18000000,3272.59000000,5141.79350000,9981,True,16871964.37869900,2192.03320000,7192472.75103900,0,3354.4692000000005
374,1642089300000,1642089599999,ETHUSDT,5m,729678137,729684226,3280.67000000,3301.43,3306.53000000,3276.09000000,3649.08130000,6090,True,12012737.38554700,2068.35910000,6809669.52679900,0,3353.7778000000003
375,1642089600000,1642089899999,ETHUSDT,5m,729684227,729688196,3301.42000000,3300.14,3303.29000000,3293.45000000,2472.83670000,3970,True,8158187.36878500,1065.05520000,3513884.24243000,0,3353.0569999999993
